,Name,Land,Form,Träger,Promotions_recht,Gründung,Stand
0,FH Aachen,NW,FH,staatlich,nein,1971,2016/17 (WS)
1,RWTH Aachen,NW,Uni,staatlich,ja,1870,2019/20 (WS)[4]
2,Hochschule Aalen,BW,FH,staatlich,nein,1962,2012/13 (WS)
3,Hochschule Albstadt-Sigmaringen,BW,FH,staatlich,nein,1971,2012/13 (WS)
4,Alanus Hochschule für Kunst und Gesellschaft (Alfter),NW,FH,privat,ja,2002,2012/13 (WS)
5,"Fachhochschule für Verwaltung und Dienstleistung (Altenholz, Reinfeld)",SH,FH,staatlich,nein,1975,2012/13 (WS)
6,Ostbayerische Technische Hochschule Amberg-Weiden,BY,FH,staatlich,nein,1994,2015/16 (WS)
7,Hochschule für angewandte Wissenschaften Ansbach,BY,FH,staatlich,nein,1996,2015/16 (WS)
8,Technische Hochschule Aschaffenburg,BY,FH,staatlich,nein,1995,2012/13 (WS)
9,Fachhochschule Polizei Sachsen-Anhalt (Aschersleben),ST,FH,staatlich,nein,1997,2012/13 (WS)
10,Hochschule für angewandte Wissenschaften Augsburg,BY,FH,staatlich,nein,1971,2015/16 (WS)
11,Universität Augsburg,BY,Uni,staatlich,ja,1970,2018/19 (WS)
12,Hochschule der Bayerischen Wirtschaft (München),BY,FH,privat,nein,2012,2015/16 (WS)
13,Hochschule der Deutschen Gesetzlichen Unfallversicherung (Bad Hersfeld),HE,FH,privat,nein,1996,2012/13 (WS)
14,accadis Hochschule Bad Homburg,HE,FH,privat,nein,1990,2012/13 (WS)
15,IUBH Internationale Hochschule (Erfurt),TH,FH,privat,nein,1998,2018/19 (WS)
16,Fachhochschule für Rechtspflege Nordrhein-Westfalen (Bad Münstereifel),NW,FH,staatlich,nein,1976,2012/13 (WS)
17,Diploma Hochschule (Bad Sooden-Allendorf),HE,FH,privat,nein,1994,2012/13 (WS)
18,Otto-Friedrich-Universität Bamberg,BY,Uni,staatlich,ja,1647/1972,2018/19 (WS)
19,Hochschule für evangelische Kirchenmusik Bayreuth,BY,FH,konfessionell,nein,2000,2012/13 (WS)
20,Universität Bayreuth,BY,Uni,staatlich,ja,1975,2016/17 (WS)
21,Akkon-Hochschule für Humanwissenschaften,BE,FH,privat,nein,2009,2019/20 (WS)
22,Alice Salomon Hochschule Berlin,BE,FH,staatlich,nein,1908,2012/13 (WS)
23,Bard College Berlin,BE,FH,privat,nein,1999,2014/15 (WS)
24,Berlin International University of Applied Sciences,BE,FH,privat,nein,2014,2016/17 (WS)
25,bbw Hochschule,BE,FH,privat,nein,2007,2012/13 (WS)
26,BSP Business School Berlin,BE,FH,privat,nein,2009,2012/13 (WS)
27,Beuth Hochschule für Technik Berlin,BE,FH,staatlich,nein,1823,2014/15 (WS)
28,CODE University of Applied Sciences,BE,FH,privat,nein,2017,2018/19 (WS)
29,Dekra Hochschule für Medien,BE,FH,privat,nein,1997,2012/13 (WS)
30,"design akademie berlin, SRH Hochschule für Kommunikation und Design",BE,FH,privat,nein,2007,2012/13 (WS)
31,ESCP Business School,BE,FH,privat,ja,1973,2019/20 (WS)
32,European School of Management and Technology,BE,FH,privat,ja,2002,2013/14 (WS)
33,Evangelische Hochschule Berlin,BE,FH,konfessionell,nein,1903,2012/13 (WS)
34,SRH Hochschule der populären Künste,BE,FH,privat,nein,2009,2012/13 (WS)
35,"Hochschule für Medien, Kommunikation und Wirtschaft",BE,FH,privat,nein,2008,2012/13 (WS)
36,Hochschule für Technik und Wirtschaft Berlin,BE,FH,staatlich,nein,1994,2018 (SS)
37,"Hochschule für Wirtschaft, Technik und Kultur",BE,FH,privat,nein,2011,2017/18 (WS)
38,Hochschule für Wirtschaft und Recht Berlin,BE,FH,staatlich,nein,1971,2019 (SS)
39,Freie Universität Berlin,BE,Uni,staatlich,ja,1948,2019/20 (WS)
40,German open Business School,BE,FH,privat,nein,2011,2012/13 (WS)
41,Hertie School,BE,FH,privat,ja,2003,2012/13 (WS)
42,Deutsche Hochschule für Gesundheit und Sport,BE,FH,privat,nein,2007,2012/13 (WS)
43,Hochschule für Musik Hanns Eisler Berlin,BE,FH,staatlich,nein,1950,2012/13 (WS)
44,Hochschule für Schauspielkunst „Ernst Busch“ Berlin,BE,FH,staatlich,nein,1951,2012/13 (WS)
45,Humboldt-Universität zu Berlin,BE,Uni,staatlich,ja,1810,2019/20 (WS)
46,IB-Hochschule Berlin,BE,FH,privat,nein,2007,2012/13 (WS)
47,International Psychoanalytic University Berlin,BE,FH,privat,nein,2009,2012/13 (WS)
48,Katholische Hochschule für Sozialwesen Berlin,BE,FH,konfessionell,nein,1991,2012/13 (WS)
49,Kunsthochschule Berlin-Weißensee,BE,FH,staatlich,nein,1946,2012/13 (WS)
50,Mediadesign Hochschule,BE,FH,privat,nein,2004,2012/13 (WS)
51,Psychologische Hochschule Berlin,BE,FH,privat,nein,2010,2012/13 (WS)
52,SRH Hochschule Berlin,BE,FH,privat,nein,2002,2012/13 (WS)
53,Steinbeis-Hochschule Berlin,BE,FH,privat,ja,1998,2017/18 (SS)
54,Technische Universität Berlin,BE,Uni,staatlich,ja,1770,2019/20 (WS)
55,Touro College Berlin,BE,FH,privat,nein,2003,2012/13 (WS)
56,Universität der Künste Berlin,BE,FH,staatlich,ja,1696,2012/13 (WS)
57,Quadriga Hochschule Berlin,BE,FH,privat,nein,2009,2012/13 (WS)
58,"Hochschule Anhalt (Bernburg, Dessau und Köthen)",ST,FH,staatlich,nein,1991,2012/13 (WS)
59,Hochschule Biberach,BW,FH,staatlich,nein,1964,2012/13 (WS)
60,Fachhochschule Bielefeld,NW,FH,staatlich,nein,1971,2016/17 (WS)
61,Fachhochschule der Diakonie (Bielefeld),NW,FH,konfessionell,nein,2006,2012/13 (WS)
62,Fachhochschule des Mittelstands (Bielefeld),NW,FH,privat,nein,2000,2012/13 (WS)
63,Universität Bielefeld,NW,Uni,staatlich,ja,1969,2017/18 (WS)
64,Technische Hochschule Bingen,RP,FH,staatlich,ja,1897,2019/20 (WS)
65,EBZ Business School (Bochum),NW,FH,privat,nein,2008,2012/13 (WS)
66,Evangelische Hochschule Rheinland-Westfalen-Lippe (Bochum),NW,FH,konfessionell,nein,1971,2012/13 (WS)
67,Hochschule Bochum,NW,FH,staatlich,nein[5],1972,2018/19 (WS)
68,Hochschule für Gesundheit (Bochum),NW,FH,staatlich,nein,2009,2012/13 (WS)
69,Ruhr-Universität Bochum,NW,Uni,staatlich,ja,1962,2019/20 (WS)
70,Technische Hochschule Georg Agricola (Bochum),NW,FH,privat,nein,1816,2012/13 (WS)
71,Hochschule der Sparkassen-Finanzgruppe (Bonn),NW,FH,privat,nein,2003,2012/13 (WS)
72,Rheinische Friedrich-Wilhelms-Universität Bonn,NW,Uni,staatlich,ja,1818,2017/18 (WS)
73,Hochschule Bonn-Rhein-Sieg,NW,FH,staatlich,nein,1995,2015/16 (WS)
74,Technische Hochschule Brandenburg,BB,FH,staatlich,nein,1992,2012/13 (WS)
75,Medizinische Hochschule Brandenburg Theodor Fontane,BB,Uni,privat,ja,2014,2015/16 (WS)
76,Hochschule für Bildende Künste Braunschweig,NI,FH,staatlich,ja,1963,2012/13 (WS)
77,Technische Universität Braunschweig,NI,Uni,staatlich,ja,1745,2018/17 (WS)
78,Hochschule Bremen,HB,FH,staatlich,nein,1982,2012/13 (WS)
79,Apollon Hochschule der Gesundheitswirtschaft,HB,FH,privat,nein,2005,2012/13 (WS)
80,Hochschule für internationale Wirtschaft und Logistik,HB,FH,privat,nein,2009,2012/13 (WS)
81,Hochschule für Künste Bremen,HB,FH,staatlich,nein,1873,2012/13 (WS)
82,Hochschule für Öffentliche Verwaltung Bremen,HB,FH,staatlich,nein,1979,2012/13 (WS)
83,Jacobs University Bremen,HB,Uni,privat,ja,1999,2012/13 (WS)
84,Universität Bremen,HB,Uni,staatlich,ja,1971,2018/19 (WS)
85,Hochschule Bremerhaven,HB,FH,staatlich,nein,1975,2012/13 (WS)
86,Europäische Fachhochschule (Brühl),NW,FH,privat,nein,2001,2012/13 (WS)
87,Hochschule des Bundes für öffentliche Verwaltung (Brühl),NW,FH,staatlich,nein,1978,2012/13 (WS)
88,hochschule 21 (Buxtehude),NI,FH,privat,nein,1971,2012/13 (WS)
89,SRH Hochschule für Wirtschaft und Medien Calw,BW,FH,privat,nein,1972,2012/13 (WS)
90,Technische Universität Chemnitz,SN,Uni,staatlich,ja,1836,2013/14 (WS)
91,Technische Universität Clausthal,NI,Uni,staatlich,ja,1775,2015/16(WS)
92,Hochschule für angewandte Wissenschaften Coburg,BY,FH,staatlich,nein,1971,2012/13 (WS)
93,Brandenburgische Technische Universität Cottbus-Senftenberg,BB,Uni,staatlich,ja,2013,2018/19 (WS)
94,Evangelische Hochschule Darmstadt,HE,FH,konfessionell,nein,1971,2012/13 (WS)
95,Hochschule Darmstadt,HE,FH,staatlich,ja1,1971,2018/19 (WS)
96,Technische Universität Darmstadt,HE,Uni,staatlich,ja,1877,2019/20 (WS)
97,Technische Hochschule Deggendorf,BY,FH,staatlich,nein,1994,2015/16 (WS)
98,Hochschule für Musik Detmold,NW,FH,staatlich,ja,1946,2012/13 (WS)
99,Fachhochschule Dortmund,NW,FH,staatlich,nein,1971,2018/19 (WS)
100,International School of Management (Dortmund),NW,FH,privat,nein,1990,2013/14 (SS)
101,Technische Universität Dortmund,NW,Uni,staatlich,ja,1968,2017/18 (WS)
102,Dresden International University,SN,Uni,privat,nein,2003,2012/13 (WS)
103,Hochschule für Kirchenmusik Dresden,SN,FH,konfessionell,nein,1949,2012/13 (WS)
104,Evangelische Hochschule Dresden,SN,FH,konfessionell,nein,1991,2012/13 (WS)
105,Fachhochschule Dresden,SN,FH,privat,nein,2010,2012/13 (WS)
106,Hochschule für Bildende Künste Dresden,SN,FH,staatlich,ja,1764,2012/13 (WS)
107,Hochschule für Musik Carl Maria von Weber Dresden,SN,FH,staatlich,ja,1856,2012/13 (WS)
108,Hochschule für Technik und Wirtschaft Dresden,SN,FH,staatlich,nein,1992,2012/13 (WS)
109,Palucca Hochschule für Tanz Dresden,SN,FH,staatlich,nein,1925,2012/13 (WS)
110,Technische Universität Dresden,SN,Uni,staatlich,ja,1828,2018/19 (WS)
111,Universität Duisburg-Essen,NW,Uni,staatlich,ja,1972/2003,2019/20 (WS)
112,Hochschule Düsseldorf,NW,FH,staatlich,nein,1971,2012/13 (WS)
113,Fliedner Fachhochschule Düsseldorf,NW,FH,privat,nein,2011,2012/13 (WS)
114,Heinrich-Heine-Universität Düsseldorf,NW,Uni,staatlich,ja,1965,2017/18 (WS)
115,IST-Hochschule für Management (Düsseldorf),NW,FH,privat,nein,2013,2015/16 (WS)
116,Kunstakademie Düsseldorf,NW,FH,staatlich,ja,1773,2012/13 (WS)
117,Robert Schumann Hochschule Düsseldorf,NW,FH,staatlich,ja,1972,2012/13 (WS)
118,Hochschule für nachhaltige Entwicklung Eberswalde,BB,FH,staatlich,nein,1992,2012/13 (WS)
119,Hochschule für Finanzen Rheinland-Pfalz (Edenkoben),RP,FH,staatlich,nein,1981,2012/13 (WS)
120,Katholische Universität Eichstätt-Ingolstadt,BY,Uni,konfessionell,ja,1980,2012/13 (WS)
121,Nordakademie (Elmshorn),SH,FH,privat,nein,1992,2012/13 (WS)
122,Theologische Hochschule Elstal,BB,FH,konfessionell,nein,1880,2015/16 (WS)
123,Hochschule Emden/Leer,NI,FH,staatlich,nein,2009,2016/17 (WS)
124,Hochschule für angewandtes Management (Ismaning),BY,FH,privat,nein,2004,2018/19 (WS)
125,Fachhochschule Erfurt,TH,FH,staatlich,nein,1991,2012/13 (WS)
126,Universität Erfurt,TH,Uni,staatlich,ja,1392/1994 (1379[6]),2012/13 (WS)
127,Friedrich-Alexander-Universität Erlangen-Nürnberg,BY,Uni,staatlich,ja,1742,2019/20 (WS)
128,Folkwang Universität der Künste (Essen),NW,FH,staatlich,ja,1927,2012/13 (WS)
129,Hochschule der bildenden Künste Essen,NW,FH,privat,nein,2013,2017/18 (WS)
130,FOM – Hochschule für Oekonomie und Management (Essen),NW,FH,privat,nein,1993,2019/20 (WS)
131,Hochschule Esslingen,BW,FH,staatlich,nein,1971,2012/13 (WS)
132,Theologische Hochschule Ewersbach,HE,FH,konfessionell,nein,1912; FH seit 2011,2012/13 (WS)
133,Hochschule Flensburg (Fachhochschule),SH,FH,staatlich,nein,1886,2012/13 (WS)
134,Europa-Universität Flensburg,SH,Uni,staatlich,ja,1994,2017/18 (WS)
135,Frankfurt University of Applied Sciences,HE,FH,staatlich,ja1,1971,2012/13 (WS)
136,Frankfurt School of Finance & Management,HE,Uni,privat,ja,1957,2012/13 (WS)
137,Hochschule für Musik und Darstellende Kunst Frankfurt am Main,HE,FH,staatlich,ja,1938,2012/13 (WS)
138,Johann Wolfgang Goethe-Universität Frankfurt am Main,HE,Uni,staatlich,ja,1914,2020 (SS)
139,Philosophisch-Theologische Hochschule Sankt Georgen (Frankfurt am Main),HE,FH,konfessionell,ja,1926,2012/13 (WS)
140,Provadis School of International Management and Technology (Frankfurt am Main),HE,FH,privat,nein,2002,2012/13 (WS)
141,Staatliche Hochschule für Bildende Künste – Städelschule (Frankfurt am Main),HE,FH,staatlich,nein,1829,2012/13 (WS)
142,Europa-Universität Viadrina (Frankfurt (Oder)),BB,Uni,staatlich,ja,1506/1992,2012/13 (WS)
143,Technische Universität Bergakademie Freiberg,SN,Uni,staatlich,ja,1765,2015/16 (WS)
144,Albert-Ludwigs-Universität Freiburg,BW,Uni,staatlich,ja,1457,2017/18 (WS)
145,Evangelische Hochschule Freiburg,BW,FH,konfessionell,nein,1918,2012/13 (WS)
146,Hochschule für Musik Freiburg,BW,FH,staatlich,ja,1946,2016/17 (WS)
147,"Hochschule für Kunst, Design und Populäre Musik Freiburg",BW,FH,privat,nein,2010,2012/13 (WS)
148,Katholische Hochschule Freiburg,BW,FH,konfessionell,nein,1971,2012/13 (WS)
149,Pädagogische Hochschule Freiburg,BW,PH,staatlich,ja,1962,2016/17 (WS)
150,Theologische Hochschule Friedensau,ST,FH,konfessionell,nein,1899,2012/13 (WS)
151,Zeppelin Universität (Friedrichshafen),BW,Uni,privat,ja,2003,2018/19 (WS)
152,Hochschule Fulda,HE,FH,staatlich,ja1,1974,2016/17 (WS)
153,Theologische Fakultät Fulda,HE,FH,konfessionell,ja,1734,2012/13 (WS)
154,Wilhelm Löhe Hochschule für angewandte Wissenschaften (Fürth),BY,FH,privat,nein,2012,2015/16 (WS)
155,Hochschule Furtwangen,BW,FH,staatlich,nein,1850,2012/13 (WS)
156,Hochschule Geisenheim,HE,FH,staatlich,ja,2013,2012/13 (WS)
157,Fachhochschule für öffentliche Verwaltung Nordrhein-Westfalen (Gelsenkirchen),NW,FH,staatlich,nein,1976,2012/13 (WS)
158,Westfälische Hochschule Gelsenkirchen Bocholt Recklinghausen,NW,FH,staatlich,nein,1992,2019/20 (WS)
159,Duale Hochschule Gera-Eisenach,TH,DH,staatlich,nein,2016,2018/19 (WS)
160,SRH Hochschule für Gesundheit (Gera),TH,FH,privat,nein,2006,2012/13 (WS)
161,Freie Theologische Hochschule Gießen,HE,FH,konfessionell,nein,1974; FH seit 2008,2012/13 (WS)
162,Justus-Liebig-Universität Gießen,HE,Uni,staatlich,ja,1607,2017/18 (WS)
163,"Technische Hochschule Mittelhessen (Gießen, Friedberg, Wetzlar)",HE,FH,staatlich,ja1,1971,2019/20 (WS)
164,"Thüringer Fachhochschule für öffentliche Verwaltung (Gotha, Meiningen)",TH,FH,staatlich,nein,1994,2012/13 (WS)
165,Georg-August-Universität Göttingen,NI,Uni,staatlich,ja,1734,2017/18 (WS)
166,PFH Private Hochschule Göttingen,NI,FH,privat,nein,1994,2012/13 (WS)
167,Universität Greifswald,MV,Uni,staatlich,ja,1456,2016/17 (WS)
168,"Fachhochschule für öffentliche Verwaltung, Polizei und Rechtspflege (Güstrow)",MV,FH,staatlich,nein,1991,2012/13 (WS)
169,Hochschule der Deutschen Bundesbank (Hachenburg),RP,FH,staatlich,nein,1976,2012/13 (WS)
170,Fernuniversität in Hagen,NW,Uni,staatlich,ja,1974,2019 (SS)
171,Burg Giebichenstein Kunsthochschule Halle,ST,FH,staatlich,ja,1879,2012/13 (WS)
172,Evangelische Hochschule für Kirchenmusik Halle,ST,FH,konfessionell,nein,1993,2012/13 (WS)
173,Martin-Luther-Universität Halle-Wittenberg,ST,Uni,staatlich,ja,1502/1694/ 1817,2018/19 (WS)
174,Bucerius Law School,HH,Uni,privat,ja,2000,2016/17 (WS)
175,Brand University of Applied Sciences,HH,FH,privat,nein,2010,2012/13 (WS)
176,EBC Hochschule,HH,FH,privat,nein,2008,2012/13 (WS)
177,Europäische Fernhochschule Hamburg,HH,FH,privat,nein,2003,2016/17 (WS)
178,Evangelische Hochschule für Soziale Arbeit & Diakonie,HH,FH,konfessionell,nein,1971,2012/13 (WS)
179,HafenCity Universität Hamburg,HH,Uni,staatlich,ja,2006,2016/17 (WS)
180,Hamburger Fern-Hochschule,HH,FH,privat,nein,1997,2012/13 (WS)
181,HSBA Hamburg School of Business Administration,HH,FH,privat,nein,2004,2017/18 (WS)
182,Hochschule für Angewandte Wissenschaften Hamburg,HH,FH,staatlich,nein,1970,2018/19 (WS)
183,Hochschule für bildende Künste Hamburg,HH,FH,staatlich,ja,1767,2012/13 (WS)
184,Hochschule für Musik und Theater Hamburg,HH,FH,staatlich,ja,1950,2012/13 (WS)
185,Norddeutsche Akademie für Finanzen und Steuerrecht (Hamburg),HH,FH,staatlich,nein,2007,2012/13 (WS)
186,Northern Institute of Technology Management (Hamburg),HH,Uni,privat,ja,1998,2019/20 (WS)
187,International Business School of Service Management (Hamburg),HH,FH,privat,nein,2006,2012/13 (WS)
188,Kühne Logistics University (Hamburg),HH,Uni,privat,ja,2010,2016/17 (WS)
189,MSH Medical School Hamburg,HH,FH,privat,nein,2009,2013/14 (WS)
190,Technische Universität Hamburg,HH,Uni,staatlich,ja,1978,2016/17 (WS)
191,Universität Hamburg,HH,Uni,staatlich,ja,1919,2018/19 (WS)
192,Hochschule Weserbergland (Hameln),NI,FH,privat,nein,2010,2018/19 (WS)
193,Hochschule Hamm-Lippstadt,NW,FH,staatlich,nein,2009,2015/16 (WS)
194,SRH Hochschule Hamm,NW,FH,privat,nein,2004,2012/13 (WS)
195,Fachhochschule für die Wirtschaft Hannover,NI,FH,privat,nein,1996,2012/13 (WS)
196,Gottfried Wilhelm Leibniz Universität Hannover,NI,Uni,staatlich,ja,1831,2018/19 (WS)
197,"Hochschule für Musik, Theater und Medien Hannover",NI,FH,staatlich,ja,1897,2012/13 (WS)
198,Hochschule Hannover,NI,FH,staatlich,nein,1971,2015/16 (WS)
199,Kommunale Hochschule für Verwaltung in Niedersachsen (Hannover),NI,FH,privat,nein,2007,2012/13 (WS)
200,Leibniz-Akademie Hannover (Hannover),NI,FH,privat,nein,1920,2012/13 (WS)
201,Medizinische Hochschule Hannover,NI,Uni,staatlich,ja,1961,2016/17 (WS)
202,Stiftung Tierärztliche Hochschule Hannover,NI,Uni,staatlich,ja,1778,2016/17 (WS)
203,Fachhochschule Westküste (Heide),SH,FH,staatlich,nein,1993,2012/13 (WS)
204,Hochschule für Jüdische Studien Heidelberg,BW,FH,konfessionell,ja,1979,2016/17 (WS)
205,Hochschule für Kirchenmusik Heidelberg,BW,FH,konfessionell,nein,1931,
206,Pädagogische Hochschule Heidelberg,BW,PH,staatlich,ja,1904,2016/17 (WS)
207,Ruprecht-Karls-Universität Heidelberg,BW,Uni,staatlich,ja,1386,2017/18 (WS)
208,SRH Hochschule Heidelberg,BW,FH,privat,nein,1972,2012/13 (WS)
209,Hochschule Heilbronn,BW,FH,staatlich,nein,1961,2012/13 (WS)
210,German Graduate School of Management and Law (Heilbronn),BW,FH,privat,nein,2005,2012/13 (WS)
211,Hochschule für Kirchenmusik der Evangelischen Kirche von Westfalen (Herford),NW,FH,konfessionell,nein,1948,2012/13 (WS)
212,Fachhochschule für Interkulturelle Theologie Hermannsburg,NI,FH,konfessionell,nein,2012,2012/13 (WS)
213,Norddeutsche Hochschule für Rechtspflege (Hildesheim),NI,FH,staatlich,nein,2007,2012/13 (WS)
214,Universität Hildesheim,NI,Uni,staatlich,ja,1946,2018/19 (WS)
215,Hochschule Hildesheim/Holzminden/Göttingen,NI,FH,staatlich,nein,1971,2012/13 (WS)
216,Hochschule für Angewandte Wissenschaften Hof,BY,FH,staatlich,nein,1994,2012/13 (WS)
217,Hochschule Fresenius (Idstein),HE,FH,privat,nein,1848,2012/13 (WS)
218,Technische Universität Ilmenau,TH,Uni,staatlich,ja,1894,2018/19 (WS)
219,Technische Hochschule Ingolstadt,BY,FH,staatlich,nein,1994,2017/18 (WS)
220,"University of Applied Sciences Europe (Iserlohn, Hamburg, Berlin)",NW,FH,privat,nein,2017,2018/19 (WS)
221,Fachhochschule Südwestfalen (Iserlohn),NW,FH,staatlich,nein,2002,2016/17 (WS)
222,Naturwissenschaftlich-Technische Akademie Isny,BW,FH,privat,nein,1945,2012/13 (WS)
223,Ernst-Abbe-Hochschule Jena,TH,FH,staatlich,nein,1991,2012/13 (WS)
224,Friedrich-Schiller-Universität Jena,TH,Uni,staatlich,ja,1558,2017/18 (WS)
225,Hochschule Kaiserslautern,RP,FH,staatlich,nein,1971,2017/18 (WS)
226,Technische Universität Kaiserslautern,RP,Uni,staatlich,ja,1970,2018/19 (WS)
227,Hochschule für Musik Karlsruhe,BW,FH,staatlich,ja,1812,2016/17 (WS)
228,Hochschule Karlsruhe – Technik und Wirtschaft,BW,FH,staatlich,nein,1971,2012/13 (WS)
229,Karlshochschule International University (Karlsruhe),BW,FH,privat,nein,2004,2012/13 (WS)
230,Karlsruher Institut für Technologie,BW,Uni,staatlich,ja,1825,2019/20 (WS)
231,Pädagogische Hochschule Karlsruhe,BW,PH,staatlich,ja,1962,2016/17 (WS)
232,Staatliche Akademie der Bildenden Künste Karlsruhe,BW,FH,staatlich,ja,1854,2016/17 (WS)
233,Staatliche Hochschule für Gestaltung Karlsruhe,BW,FH,staatlich,ja,1992,2016/17 (WS)
234,CVJM-Hochschule (Kassel),HE,FH,privat,nein,2009,2012/13 (WS)
235,Kunsthochschule Kassel,HE,FH,staatlich,nein,1777,2016/17 (WS)
236,Universität Kassel,HE,Uni,staatlich,ja,1633/1970,2017/18 (WS)
237,Hochschule Kehl,BW,FH,staatlich,nein,1971,2012/13 (WS)
238,Hochschule für angewandte Wissenschaften Kempten,BY,FH,staatlich,nein,1977,2018/19 (WS)
239,Christian-Albrechts-Universität zu Kiel,SH,Uni,staatlich,ja,1665,2017/18 (WS)
240,Fachhochschule Kiel,SH,FH,staatlich,nein,1969,2014/15 (WS)
241,Muthesius Kunsthochschule (Kiel),SH,FH,staatlich,ja,2005,2012/13 (WS)
242,"Hochschule Rhein-Waal (Kleve, Kamp-Lintfort)",NW,FH,staatlich,nein,2009,2014/15 (WS)
243,Hochschule Koblenz,RP,FH,staatlich,nein,1996,2017/18 (WS)
244,Universität Koblenz-Landau,RP,Uni,staatlich,ja,1990,2018/19 (WS)
245,"Hochschule Konstanz Technik, Wirtschaft und Gestaltung",BW,FH,staatlich,nein,1906,2012/13 (WS)
246,Universität Konstanz,BW,Uni,staatlich,ja,1966,2016/17 (WS)
247,Cologne Business School (Köln),NW,FH,privat,nein,1993,2012/13 (WS)
248,Deutsche Sporthochschule Köln,NW,Uni,staatlich,ja,1947,2018 (SS)
249,Technische Hochschule Köln,NW,FH,staatlich,nein,1971,2015 (SS)
250,Hochschule für Musik und Tanz Köln,NW,FH,staatlich,ja,1850,2012/13 (WS)
251,"Katholische Hochschule Nordrhein-Westfalen (Köln, Münster, Paderborn, Aachen)",NW,FH,konfessionell,nein,1971,2012/13 (WS)
252,Kunsthochschule für Medien Köln,NW,FH,staatlich,ja,1990,2012/13 (WS)
253,Universität zu Köln,NW,Uni,staatlich,ja,1388/1919,2019/20 (WS)
254,Rheinische Fachhochschule Köln,NW,FH,privat,nein,1971 (1958),2012/13 (WS)
255,Fachhochschule für Finanzen Brandenburg (Königs Wusterhausen),BB,FH,staatlich,nein,1991,2012/13 (WS)
256,Allensbach Hochschule (Konstanz),BW,FH,privat,nein,1996,2014/15 (WS)
257,Hochschule für angewandte Wissenschaften Landshut,BY,FH,staatlich,nein,1978,2016/17 (WS)
258,Handelshochschule Leipzig,SN,Uni,privat,ja,1898,2012/13 (WS)
259,Hochschule für Grafik und Buchkunst Leipzig,SN,FH,staatlich,ja,1764,2012/13 (WS)
260,Hochschule für Musik und Theater „Felix Mendelssohn Bartholdy“ Leipzig,SN,FH,staatlich,ja,1843,2012/13 (WS)
261,"Hochschule für Technik, Wirtschaft und Kultur Leipzig",SN,FH,staatlich,nein,1992,2012/13 (WS)
262,Hochschule für Telekommunikation Leipzig,SN,FH,privat,nein,1991,2012/13 (WS)
263,Universität Leipzig,SN,Uni,staatlich,ja,1409,2017/18 (WS)
264,Technische Hochschule Ostwestfalen-Lippe (Lemgo),NW,FH,staatlich,nein,1971,2012/13 (WS)
265,Internationale Hochschule Liebenzell,BW,FH,konfessionell,nein,2011,2012/13 (WS)
266,Akademie für Darstellende Kunst Baden-Württemberg (Ludwigsburg),BW,FH,staatlich,nein,2007,2013/14 (WS)
267,Filmakademie Baden-Württemberg (Ludwigsburg),BW,FH,staatlich,nein,1991,2014
268,Evangelische Hochschule Ludwigsburg,BW,FH,konfessionell,nein,1971,2012/13 (WS)
269,Hochschule für öffentliche Verwaltung und Finanzen Ludwigsburg,BW,FH,staatlich,nein,1999,2012/13 (WS)
270,Pädagogische Hochschule Ludwigsburg,BW,PH,staatlich,ja,1962,2016/17 (WS)
271,Hochschule für Wirtschaft und Gesellschaft Ludwigshafen,RP,FH,staatlich,nein,1965,2018/19 (WS)
272,Technische Hochschule Lübeck,SH,FH,staatlich,nein,1969,2019 (SS)
273,Leuphana Universität Lüneburg,NI,Uni,staatlich,ja,1946,2017/18 (WS)
274,Musikhochschule Lübeck,SH,FH,staatlich,nein,1973,2012/13 (WS)
275,Universität zu Lübeck,SH,Uni,staatlich,ja,1964,2016/17 (WS)
276,Otto-von-Guericke-Universität Magdeburg,ST,Uni,staatlich,ja,1993,2017/18 (WS)
277,Hochschule Magdeburg-Stendal,ST,FH,staatlich,nein,1991,2018/19 (WS)
278,Hochschule Mainz,RP,FH,staatlich,nein,1971,2018/19 (WS)
279,Katholische Hochschule Mainz,RP,FH,konfessionell,nein,1972,2018/19 (WS)
280,Johannes Gutenberg-Universität Mainz,RP,Uni,staatlich,ja,1477/1946,2018/19 (WS)
281,"Hochschule der Bundesagentur für Arbeit (Mannheim, Schwerin)",BW,FH,staatlich,nein,2006,2012/13 (WS)
282,Hochschule der Wirtschaft für Management Mannheim,BW,FH,privat,nein,2010,2012/13 (WS)
283,Hochschule für Musik und Darstellende Kunst Mannheim,BW,FH,staatlich,ja,1971,2016/17 (WS)
284,Hochschule Mannheim,BW,FH,staatlich,nein,1898,2012/13 (WS)
285,Popakademie Baden-Württemberg (Mannheim),BW,FH,staatlich,nein,2003,2011
286,Universität Mannheim,BW,Uni,staatlich,ja,1967,2016/17 (WS)
287,Archivschule Marburg,HE,FH,staatlich,nein,1949,2012/13 (WS)
288,Evangelische Hochschule Tabor (Marburg),HE,FH,konfessionell,nein,1909; FH seit 2009,2012/13 (WS)
289,Philipps-Universität Marburg,HE,Uni,staatlich,ja,1527,2017/18 (WS)
290,"Hochschule für öffentliche Verwaltung Rheinland-Pfalz (Mayen, Lautzenhausen)",RP,FH,staatlich,nein,1981,2012/13 (WS)
291,Fachhochschule für öffentliche Verwaltung und Rechtspflege Meißen,SN,FH,staatlich,nein,1992,2012/13 (WS)
292,Hochschule Merseburg,ST,FH,staatlich,nein,1992,2012/13 (WS)
293,Hochschule Mittweida,SN,FH,staatlich,nein,1867,2016 (SS)
294,Evangelische Hochschule Moritzburg,SN,FH,konfessionell,nein,1872,2012/13 (WS)
295,"Hochschule Ruhr West (Mülheim, Bottrop)",NW,FH,staatlich,nein,2009,2015/16 (WS)
296,Akademie der Bildenden Künste München,BY,FH,staatlich,ja,1808,2012/13 (WS)
297,Hochschule für Angewandte Sprachen München,BY,FH,privat,nein,2006,2012/13 (WS)
298,Hochschule für angewandte Wissenschaften München,BY,FH,staatlich,nein,1971,2017/18 (WS)
299,Hochschule für Fernsehen und Film München,BY,FH,staatlich,ja,1966,2012/13 (WS)
300,Hochschule für Musik und Theater München,BY,FH,staatlich,ja,1846,2012/13 (WS)
301,Hochschule für Philosophie München,BY,Uni,konfessionell,ja,1925,2012/13 (WS)
302,Hochschule für Politik München,BY,FH,staatlich,ja,1950,2012/13 (WS)
303,Fachhochschule für öffentliche Verwaltung und Rechtspflege in Bayern (München),BY,FH,staatlich,nein,1974,2012/13 (WS)
304,Katholische Stiftungshochschule München,BY,FH,konfessionell,nein,1971,2012/13 (WS)
305,Ludwig-Maximilians-Universität München,BY,Uni,staatlich,ja,1472,2018/19 (WS)
306,Macromedia Hochschule für Medien und Kommunikation (München),BY,FH,privat,nein,2007,2012/13 (WS)
307,Munich Business School (München),BY,FH,privat,nein,1991,2012/13 (WS)
308,Technische Universität München,BY,Uni,staatlich,ja,1868,2019/20 (WS)
309,Universität der Bundeswehr München,BY,Uni,staatlich,ja,1973,2012/13 (WS)
310,Deutsche Hochschule der Polizei (Münster),NW,Uni,staatlich,ja,2006,2012/13 (WS)
311,Fachhochschule Münster,NW,FH,staatlich,nein,1971,2018/19 (WS)
312,Kunstakademie Münster,NW,FH,staatlich,ja,1971,2012/13 (WS)
313,Philosophisch-Theologische Hochschule Münster,NW,Uni,konfessionell,nein,1971,2012/13 (WS)
314,Westfälische Wilhelms-Universität (Münster),NW,Uni,staatlich,ja,1780,2019/20 (WS)
315,Hochschule für angewandte Wissenschaften Neu-Ulm,BY,FH,staatlich,nein,1994,2014/2015 (WS)
316,Hochschule Neubrandenburg,MV,FH,staatlich,nein,1991,2012/13 (WS)
317,Augustana-Hochschule Neuendettelsau,BY,Uni,konfessionell,ja,1947,2012/13 (WS)
318,Rheinische Fachhochschule Neuss für Internationale Wirtschaft,NW,FH,privat,nein,2009,2012/13 (WS)
319,Hochschule Niederrhein (Krefeld/Mönchengladbach),NW,FH,staatlich,nein,1971,2015/16 (WS)
320,Fachhochschule Nordhausen,TH,FH,staatlich,nein,1997,2012/13 (WS)
321,Fachhochschule für Finanzen Nordrhein-Westfalen (Nordkirchen),NW,FH,staatlich,nein,1976,2012/13 (WS)
322,Akademie der Bildenden Künste Nürnberg,BY,FH,staatlich,nein,1662,2012/13 (WS)
323,Evangelische Hochschule Nürnberg,BY,FH,konfessionell,nein,1995,2012/13 (WS)
324,Hochschule für Musik Nürnberg,BY,FH,staatlich,ja,1998,2012/13 (WS)
325,Technische Hochschule Nürnberg Georg Simon Ohm,BY,FH,staatlich,nein,1823,2018/19 (WS)
326,Hochschule für Kunsttherapie Nürtingen,BW,FH,privat,nein,1987,2012/13 (WS)
327,Hochschule für Wirtschaft und Umwelt Nürtingen-Geislingen,BW,FH,staatlich,nein,1949,2012/13 (WS)
328,Lutherische Theologische Hochschule Oberursel,HE,FH,konfessionell,nein,1948,2012/13 (WS)
329,Hochschule für Gestaltung Offenbach am Main,HE,FH,staatlich,ja,1832,2012/13 (WS)
330,Hochschule Offenburg,BW,FH,staatlich,nein,1964,2012/13 (WS)
331,Carl von Ossietzky Universität Oldenburg,NI,Uni,staatlich,ja,1973,2018/19 (WS)
332,Fachhochschule der Polizei des Landes Brandenburg (Oranienburg),BB,FH,staatlich,nein,1998,2012/13 (WS)
333,Hochschule Osnabrück,NI,FH,staatlich,nein,1971,2015/16 (WS)
334,Universität Osnabrück,NI,Uni,staatlich,ja,1629/1974,2016/17 (WS)
335,Hochschule für Künste im Sozialen Ottersberg,NI,FH,privat,nein,1967,2012/13 (WS)
336,Fachhochschule der Wirtschaft (Paderborn),NW,FH,privat,nein,1992,2012/13 (WS)
337,Theologische Fakultät Paderborn,NW,Uni,konfessionell,ja,1614,2012/13 (WS)
338,Universität Paderborn,NW,Uni,staatlich,ja,1972,2017/18 (WS)
339,Universität Passau,BY,Uni,staatlich,ja,1978,2016/17 (WS)
340,Hochschule Pforzheim,BW,FH,staatlich,nein,1877,2012/13 (WS)
341,Fachhochschule für Sport & Management Potsdam,BB,FH,privat,nein,2009,2012/13 (WS)
342,Fachhochschule Potsdam,BB,FH,staatlich,nein,1991,2012/13 (WS)
343,Filmuniversität Babelsberg Konrad Wolf (Potsdam),BB,Uni,staatlich,ja,1954,2012/13 (WS)
344,Universität Potsdam,BB,Uni,staatlich,ja,1991,2017/18 (WS)
345,Hochschule Ravensburg-Weingarten,BW,FH,staatlich,nein,1964,2019/20 (WS)
346,Hochschule für Katholische Kirchenmusik und Musikpädagogik Regensburg,BY,FH,konfessionell,nein,2001,2012/13 (WS)
347,Universität Regensburg,BY,Uni,staatlich,ja,1962,2017/18 (WS)
348,Ostbayerische Technische Hochschule Regensburg,BY,FH,staatlich,ja,1971,2015/16 (WS)
349,Hochschule Reutlingen,BW,FH,staatlich,nein,1855,2012/13 (WS)
350,Theologische Hochschule Reutlingen,BW,FH,konfessionell,nein,1877,2012/13 (WS)
351,Mathias Hochschule Rheine,NW,FH,privat,nein,2009,2012/13 (WS)
352,SRH Fernhochschule Riedlingen,BW,FH,privat,nein,1996,2019/20 (WS)
353,Technische Hochschule Rosenheim,BY,FH,staatlich,nein,1971,2015/16 (WS)
354,Hochschule für Musik und Theater Rostock,MV,Uni,staatlich,ja,1994,2012/13 (WS)
355,Universität Rostock,MV,Uni,staatlich,ja,1419,2016/17 (WS)
356,Hessische Hochschule für Finanzen und Rechtspflege (Rotenburg an der Fulda),HE,FH,staatlich,nein,1980,2012/13 (WS)
357,Hochschule der Sächsischen Polizei (FH) (Rothenburg/Oberlausitz),SN,FH,staatlich,nein,1994,2012/13 (WS)
358,Hochschule für Forstwirtschaft Rottenburg,BW,FH,staatlich,nein,1954; FH seit 1979,2014/15 (WS)
359,Katholische Hochschule für Kirchenmusik Rottenburg,BW,FH,konfessionell,nein,1997,2010/11 (WS)
360,Deutsche Hochschule für Prävention und Gesundheitsmanagement (Saarbrücken),SL,FH,privat,nein,2002,2012/13 (WS)
361,Fachhochschule für Verwaltung des Saarlandes (Saarbrücken),SL,FH,staatlich,nein,1980,2012/13 (WS)
362,Hochschule der Bildenden Künste Saar (Saarbrücken),SL,FH,staatlich,ja,1989,2012/13 (WS)
363,Hochschule für Musik Saar (Saarbrücken),SL,FH,staatlich,ja,1947,2012/13 (WS)
364,Hochschule für Technik und Wirtschaft des Saarlandes (Saarbrücken),SL,FH,staatlich,nein,1807,2012/13 (WS)
365,"Universität des Saarlandes (Saarbrücken, Homburg)",SL,Uni,staatlich,ja,1948,2018/19 (WS)
366,Hochschule Schmalkalden,TH,FH,staatlich,nein,1991,2012/13 (WS)
367,Hochschule für Gestaltung Schwäbisch Gmünd,BW,FH,staatlich,nein,1776,2012/13 (WS)
368,Fachhochschule Schwetzingen,BW,FH,staatlich,nein,1953,2012/13 (WS)
369,Pädagogische Hochschule Schwäbisch Gmünd,BW,PH,staatlich,ja,1825,2016/17 (WS)
370,Universität Siegen,NW,Uni,staatlich,ja,1972,2018/19 (WS)
371,Deutsche Universität für Verwaltungswissenschaften Speyer,RP,Uni,staatlich,ja,1947,2017/18 (WS)
372,Kölner Hochschule für Katholische Theologie (KHKT) – St. Augustin,NW,Uni,konfessionell,ja,1925,2012/13 (WS)
373,Hochschule Stralsund,MV,FH,staatlich,nein,1991,2012/13 (WS)
374,AKAD Bildungsgesellschaft (Stuttgart),BW,FH,privat,nein,1959,2012/13 (WS)
375,Duale Hochschule Baden-Württemberg (Stuttgart),BW,DH,staatlich,nein,1974/2009,2016/17 (WS)
376,Freie Hochschule Stuttgart,BW,FH,privat,nein,1928,2012/13 (WS)
377,Hochschule der Medien (Stuttgart),BW,FH,staatlich,nein,2001,2012/13 (WS)
378,Hochschule für Musik und Darstellende Kunst Stuttgart,BW,FH,staatlich,ja,1857,2016/17 (WS)
379,Hochschule für Technik Stuttgart,BW,FH,staatlich,nein,1971,2012/13 (WS)
380,Merz Akademie (Stuttgart),BW,FH,privat,nein,1918,2012/13 (WS)
381,Staatliche Akademie der Bildenden Künste Stuttgart,BW,FH,staatlich,ja,1761/1829,2016/17 (WS)
382,VWA Hochschule für berufsbegleitendes Studium Stuttgart,BW,FH,privat,nein,2013,2013/14 (WS)
383,Universität Hohenheim (Stuttgart),BW,Uni,staatlich,ja,1818,2016/17 (WS)
384,Universität Stuttgart,BW,Uni,staatlich,ja,1829,2017/18 (WS)
385,Hochschule Trier,RP,FH,staatlich,nein,1996,2018/19 (WS)
386,Theologische Fakultät Trier,RP,Uni,staatlich,ja,1950,2018/19 (WS)
387,Universität Trier,RP,Uni,staatlich,ja,1473/1970,2018/19 (WS)
388,Hochschule für Musik Trossingen,BW,FH,staatlich,ja,1944,2016/17 (WS)
389,Eberhard Karls Universität Tübingen,BW,Uni,staatlich,ja,1477,2017/18 (WS)
390,Evangelische Hochschule für Kirchenmusik Tübingen,BW,FH,konfessionell,nein,1998,2015/16 (WS)
391,Technische Hochschule Ulm,BW,FH,staatlich,nein,1971,2012/13 (WS)
392,Universität Ulm,BW,Uni,staatlich,ja,1967,2016/17 (WS)
393,Philosophisch-Theologische Hochschule Vallendar,RP,Uni,konfessionell,ja,1896,2017/18 (WS)
394,WHU – Otto Beisheim School of Management (Vallendar),RP,Uni,privat,ja,1984,2017/18 (WS)
395,Fachhochschule für Wirtschaft und Technik Vechta/Diepholz/Oldenburg,NI,FH,privat,nein,1998,2012/13 (WS)
396,Universität Vechta,NI,Uni,staatlich,ja,1995,2016/17 (WS)
397,Hochschule für Polizei Baden-Württemberg,BW,FH,staatlich,nein,1979,2012/13 (WS)
398,Fachhochschule Wedel,SH,FH,privat,nein,1969,2012/13 (WS)
399,Hochschule Weihenstephan-Triesdorf,BY,FH,staatlich,nein,1971,2014/15 (WS)
400,Bauhaus-Universität Weimar,TH,Uni,staatlich,ja,1860,2012/13 (WS)
401,Hochschule für Musik Franz Liszt Weimar,TH,FH,staatlich,ja,1872,2012/13 (WS)
402,Pädagogische Hochschule Weingarten,BW,PH,staatlich,ja,1949,2016/17 (WS)
403,Hochschule Harz (Wernigerode und Halberstadt),ST,FH,staatlich,nein,1991,2012/13 (WS)
404,"EBS Universität für Wirtschaft und Recht (Wiesbaden, Oestrich-Winkel)",HE,Uni,privat,ja,1971,2017 (SS)
405,Hessische Hochschule für Polizei und Verwaltung (Wiesbaden),HE,FH,staatlich,nein,1980,2012/13 (WS)
406,Hochschule RheinMain (Wiesbaden und Rüsselsheim),HE,FH,staatlich,ja1,1971,2017/18 (WS)
407,Wilhelm Büchner Hochschule (Pfungstadt),HE,FH,privat,nein,1997,2012/13 (WS)
408,Technische Hochschule Wildau (FH),BB,FH,staatlich,nein,1991,2012/13 (WS)
409,"Jade Hochschule (Wilhelmshaven, Oldenburg, Elsfleth)",NI,FH,staatlich,nein,2009,2012/13 (WS)
410,Hochschule Wismar,MV,FH,staatlich,nein,1908,2012/13 (WS)
411,Universität Witten/Herdecke,NW,Uni,privat,ja,1982,2012/13 (WS)
412,"Ostfalia Hochschule für angewandte Wissenschaften (Wolfenbüttel, Salzgitter, Wolfsburg, Suderburg)",NI,FH,staatlich,nein,1971,2012/13 (WS)
413,Hochschule Worms,RP,FH,staatlich,nein,1978,2018/19 (WS)
414,Bergische Universität Wuppertal,NW,Uni,staatlich,ja,1972,2017/18 (WS)
415,Kirchliche Hochschule Wuppertal/Bethel,NW,Uni,konfessionell,ja,1905,2014 (SS)
416,Hochschule für angewandte Wissenschaften Würzburg-Schweinfurt,BY,FH,staatlich,nein,1971,2016/17 (WS)
417,Hochschule für Musik Würzburg,BY,FH,staatlich,ja,1797,2012/13 (WS)
418,Julius-Maximilians-Universität Würzburg,BY,Uni,staatlich,ja,1402/1582,2017/18 (WS)
419,Hochschule Zittau/Görlitz,SN,FH,staatlich,nein,1992,2012/13 (WS)
420,DPFA Hochschule Sachsen (Zwickau),SN,FH,privat,nein,2012,2012/13 (WS)
421,NBS Northern Business School – Hochschule für Management und Sicherheit,HH,FH,privat,nein,2013,2016 (SS)
422,Westsächsische Hochschule Zwickau,SN,FH,staatlich,nein,1992,2012/13 (WS)
423,Helmut-Schmidt-Universität/Universität der Bundeswehr Hamburg,HH,Uni,staatlich,ja,1972,2017/18 (SS)
424,media Akademie - Hochschule Stuttgart,BW,FH,privat,nein,2015,2018/19 (WS)
